position,cspm_mean,cspm_std,gpm_mean,gpm_std
bot,9.881235758196722,1.079406024470695,312.54697151639346,63.30960882127141
jng,5.551219364754099,0.7975891823611282,201.0790912909836,45.64640566129369
mid,8.90132950819672,1.0699682582831611,269.12769252049185,56.07639627566188
sup,0.9588495901639345,0.4103474071362234,107.38988924180327,31.4249668165882
top,8.406280225409837,1.0530020249467227,257.38363073770495,54.484949766147814
